{
  "N": 3,
  "delta_t": 0.2,
  "max_time": 5.0,
  "particles": [
    {
      "mass": 1.0,
      "position": [-1.0, 0.0],
      "velocity": [0.3471168881,0.5327249454]
    },
    {
      "mass": 1.0,
      "position": [1.0, 0.0],
      "velocity": [0.3471168881,0.5327249454]
    },
    {
      "mass": 1.0,
      "position": [0.0, 0.0],
      "velocity": [-0.6942337762,-1.0654498908]
    }
  ]
}
