{
  "N": 3,
  "delta_t": 0.01,
  "max_time": 20.0,
  "particles": [
    {
      "mass": 1.0,
      "position": [-1.0, 0.0],
      "velocity": [0.347113,0.532727]
    },
    {
      "mass": 1.0,
      "position": [1.0, 0.0],
      "velocity": [0.347113,0.532727]
    },
    {
      "mass": 1.0,
      "position": [0.0, 0.0],
      "velocity": [-0.694226,-1.065454]
    }
  ]
}
